"","Factor1","Factor2","Factor3"
"X",0.250586070911458,0.86804493611505,-0.422773437341629
"Cr",-0.0419611573062046,-0.0756019842855099,0.993755932859915
"Ni",0.736111872023151,0.236282031137194,-0.132355957128587
"Cu",0.684659905038966,0.355583954721443,0.228532773283498
"As",-0.154920750279191,-0.0682135363193594,0.0298658731022589
"Cd",0.4440947256303,0.739175319875591,0.17989251795
"Pb",0.985127072780062,0.155225307734914,-0.0212074572059567
