"","Factor1","Factor2","Factor3"
"Cr",-0.101411419356884,0.1671497239582,0.767059243975292
"Ni",0.901900183138026,0.077724187907945,-0.206821471340863
"Cu",0.541535047550165,-0.223847031270876,0.568348022224389
"As",-0.0176094829248606,0.94868789234928,0.0952288042504697
"Cd",0.58720498035182,0.0454263337840357,0.201958406165845
"Pb",0.974978504902517,-0.207940579096067,-0.034373727670159
