"","RC1","RC2","RC3"
"Cr",-0.142910675457585,0.912316447065222,0.203951713802802
"Ni",0.919894172406624,-0.20220590938085,0.0529072412773689
"Cu",0.550085148182358,0.646136207741735,-0.325114777478726
"As",0.00387588830050256,0.0855338484783099,0.968798938343218
"Cd",0.734229322693072,0.25907121382026,0.124386140570693
"Pb",0.933015756676055,-0.0253925740573414,-0.239057205816969
