,metals,percent,Seasons
0,Cr,19.58615694662887,Winter
1,Ni,52.82299292633069,Winter
2,As,10.289333042690972,Winter
3,Cd,16.83160499022533,Winter
4,Pb,0.46991209412416224,Winter
0,Cr,19.40781372013347,Summer
1,Ni,51.03811222475089,Summer
2,As,10.342171298825594,Summer
3,Cd,18.548435457008477,Summer
4,Pb,0.6634672992815689,Summer
