,metals,percent,Seasons
0,Cr,19.68741919510068,Winter
1,Ni,52.60240234238396,Winter
2,As,10.368254292440012,Winter
3,Cd,16.875357519834907,Winter
4,Pb,0.46656665024042915,Winter
0,Cr,19.680421441568665,Summer
1,Ni,50.61356491914473,Summer
2,As,10.366330519385947,Summer
3,Cd,18.67376665652787,Summer
4,Pb,0.6659164633727933,Summer
